{
    "materials":[{
        "colorDiffuse":[0.64,0.64,0.64],
        "colorSpecular":[0.5,0.5,0.5],
        "opacity":1,
        "transparent":false,
        "specularCoef":50,
        "vertexColors":false,
        "DbgName":"speakers_wood",
        "depthWrite":true,
        "DbgIndex":0,
        "shading":"phong",
        "colorEmissive":[0,0,0],
        "visible":true,
        "DbgColor":15658734,
        "blending":1,
        "doubleSided":true,
        "wireframe":false,
        "depthTest":true
    }],
    "colors":[],
    "vertices":[-0.0731632,0.000511974,-0.141952,-0.175039,0.000511974,-0.333552,0.016561,0.000511974,-0.435427,0.118436,0.000511974,-0.243827,-0.0731633,0.952512,-0.141952,-0.175038,0.952512,-0.333552,0.016561,0.952512,-0.435427,0.118436,0.952512,-0.243827,-0.169741,0.000511974,-0.336368,0.0112633,0.000511974,-0.43261,-0.0678655,0.000511974,-0.144769,0.113139,0.000511974,-0.24101,-0.169741,0.952512,-0.336369,0.0112634,0.952512,-0.43261,-0.0678655,0.952512,-0.144769,0.113139,0.952512,-0.241011,-0.175039,0.446512,-0.333552,-0.175038,0.946512,-0.333552,-0.0731632,0.446512,-0.141952,-0.0731633,0.946512,-0.141952,0.016561,0.446512,-0.435427,0.016561,0.946512,-0.435427,0.118436,0.446512,-0.243827,0.118436,0.946512,-0.243827,-0.169741,0.946512,-0.336369,-0.169741,0.446512,-0.336369,0.0112633,0.446512,-0.43261,0.0112633,0.946512,-0.43261,-0.0678655,0.446512,-0.144769,-0.0678655,0.946512,-0.144769,0.113139,0.446512,-0.241011,0.113139,0.946512,-0.241011,-0.175039,0.00651291,-0.333552,-0.0731632,0.00651291,-0.141952,0.016561,0.00651291,-0.435427,0.118436,0.00651291,-0.243827,-0.169741,0.00651291,-0.336368,0.0112633,0.00651291,-0.43261,-0.0678655,0.00651291,-0.144769,0.113139,0.00651291,-0.24101,-0.0847346,0.00651291,-0.176495,0.0962693,0.00651291,-0.272737,0.0962693,0.446512,-0.272737,-0.0847347,0.446512,-0.176495,-0.0847347,0.946512,-0.176495,0.0962693,0.946512,-0.272737],
    "metadata":{
        "generator":"io_three",
        "version":3,
        "colors":0,
        "vertices":46,
        "faces":44,
        "uvs":1,
        "type":"Geometry",
        "materials":1,
        "normals":41
    },
    "faces":[43,10,0,1,8,0,0,1,2,3,0,0,0,0,43,8,9,11,10,0,3,4,5,0,1,1,1,1,43,9,2,3,11,0,4,6,7,5,0,0,0,0,43,4,14,12,5,0,8,9,10,11,2,2,2,2,43,14,15,13,12,0,9,12,13,10,3,3,3,3,43,15,7,6,13,0,12,14,6,13,2,2,2,2,43,18,19,17,16,0,15,6,16,17,4,4,4,4,43,19,4,5,17,0,18,19,20,21,5,5,5,5,43,20,21,23,22,0,22,23,16,17,6,6,6,6,43,21,6,7,23,0,24,25,26,27,7,7,7,7,43,12,24,17,5,0,28,29,30,31,8,8,8,8,43,24,25,16,17,0,29,32,33,30,9,9,9,9,43,13,27,24,12,0,34,35,29,28,10,10,10,10,43,27,26,25,24,0,35,36,32,29,11,11,11,11,43,6,21,27,13,0,37,38,35,34,12,12,12,12,43,21,20,26,27,0,38,39,36,35,13,13,13,13,43,28,29,19,18,0,40,41,42,43,14,14,14,14,43,29,14,4,19,0,44,45,46,19,15,15,15,15,43,31,15,14,29,0,47,48,45,44,16,16,16,16,43,22,23,31,30,0,15,6,4,49,17,17,17,17,43,23,7,15,31,0,20,50,48,47,18,18,18,18,43,0,33,32,1,0,51,52,53,54,19,19,19,19,43,33,18,16,32,0,52,15,17,53,20,20,20,20,43,2,34,35,3,0,55,56,53,54,21,21,21,21,43,34,20,22,35,0,56,22,17,53,22,22,22,22,43,25,36,32,16,0,57,58,59,60,23,23,23,23,43,36,8,1,32,0,58,61,31,59,24,24,24,24,43,26,37,36,25,0,62,63,58,57,25,25,25,25,43,37,9,8,36,0,63,64,61,58,26,26,26,26,43,20,34,37,26,0,65,66,63,62,27,27,27,27,43,34,2,9,37,0,66,37,64,63,28,28,28,28,43,18,33,38,28,0,43,67,68,40,29,29,29,29,43,33,0,10,38,0,67,69,70,68,30,30,30,30,43,11,39,38,10,0,71,72,68,70,31,31,31,31,43,3,35,39,11,0,51,52,72,71,32,32,32,32,43,35,22,30,39,0,52,15,49,72,33,33,33,33,43,38,39,41,40,0,73,24,23,74,34,34,34,34,43,39,30,42,41,0,75,76,77,78,35,35,35,35,43,28,38,40,43,0,79,80,81,82,36,36,36,36,43,31,29,44,45,0,83,84,85,86,0,0,0,0,43,30,31,45,42,0,76,82,87,77,37,37,37,37,43,29,28,43,44,0,80,88,75,81,38,38,38,38,43,42,45,44,43,0,89,86,85,90,39,39,39,39,43,41,42,43,40,0,69,89,90,91,40,40,40,40],
    "normals":[0,-1,0,0,-1,-0,0,1,0,0,1,-0,-0.882948,2.57509e-08,0.469471,-0.882948,-7.15297e-07,0.469471,0.882948,-1.71672e-08,-0.469472,0.882948,-2.86119e-06,-0.469472,-0.469468,-2.63994e-06,-0.882949,-0.469469,-3.6985e-08,-0.882949,-0.469472,-3.78584e-06,-0.882948,-0.469472,-4.54304e-08,-0.882948,-0.469466,-1.61689e-06,-0.88295,-0.46947,-5.3054e-09,-0.882949,0.469471,6.39669e-08,0.882948,0.469471,1.74316e-06,0.882948,0.469472,2.27151e-06,0.882948,0.469471,5.27501e-08,0.882948,0.46947,3.29686e-06,0.882949,-0.882948,-7.1519e-07,0.469472,-0.882948,4.87707e-08,0.469472,0.882948,0,-0.469471,0.882948,-1.95083e-08,-0.469471,-0.46947,-7.99236e-08,-0.882949,-0.469471,0,-0.882948,-0.469472,-3.09754e-08,-0.882948,-0.469472,0,-0.882948,-0.469471,-9.99063e-09,-0.882948,-0.469471,5.80969e-07,-0.882948,0.469469,7.57903e-08,0.882949,0.469469,2.90484e-07,0.882949,0.469472,0,0.882948,0.46947,0,0.882949,0.469471,6.66611e-08,0.882948,-0,1,-0,-0.882948,4.60208e-08,0.469472,0.882948,5.52249e-09,-0.469472,-0.882947,3.56384e-08,0.469472,0.882948,4.85978e-09,-0.469472,0.469472,9.9947e-08,0.882948,0.469472,3.09754e-08,0.882948],
    "uvs":[[1.00002,0.437603,1.00002,0.432444,0.813429,0.432444,0.813429,0.437603,0.813429,0.613871,1.00002,0.613871,0.813429,0.61903,1.00002,0.61903,1.00002,0.805616,0.994856,0.805616,0.994856,0.61903,1.00002,0.61903,0.818588,0.805616,0.818588,0.61903,0.813429,0.805616,0.383506,0.61903,0.813429,0.805617,0.383506,0.805617,0.839165,0.245858,0.844325,0.245858,0.844325,0.432444,0.839165,0.432444,0.383506,0.992203,0.813429,0.992203,0.844325,0.992203,0.849484,0.992203,0.849484,0.805617,0.844325,0.805617,0.435097,0.0747488,0.429938,0.0747487,0.429938,0.0695895,0.435097,0.0695895,1.53029e-05,0.0747488,1.54603e-05,0.0695896,0.435097,0.251017,0.429938,0.251017,1.54603e-05,0.251017,0.435097,0.256176,0.429938,0.256176,1.54603e-05,0.256176,0.383506,0.437603,0.813429,0.437603,0.813429,0.432444,0.383506,0.432444,0.844325,0.251017,0.849484,0.251017,0.849484,0.245858,0.844325,0.427285,0.849484,0.427285,0.383506,0.613871,0.849484,0.432444,1.54209e-05,0.61903,0.00517533,0.61903,0.00517533,0.805617,1.54209e-05,0.805617,1.54209e-05,0.992203,0.00517533,0.992203,0.818588,0.0747488,0.440257,0.0747487,0.440257,0.0695895,0.818588,0.0695896,0.435097,0.0747487,0.818588,0.251017,0.440257,0.251017,0.435097,0.251017,0.818588,0.256176,0.440257,0.256176,0.00517525,0.432444,0.00517533,0.437603,1.54209e-05,0.432444,1.53029e-05,0.437603,1.54209e-05,0.613871,0.00517533,0.613871,0.844325,0.815935,0.813429,0.815935,1.54209e-05,0.0386933,0.378346,0.0386933,0.378346,0.0695895,1.53029e-05,0.0695896,0.808269,0.00779709,0.429938,0.00779715,0.429938,0.0386933,0.808269,0.0386933,0.839165,0.432444,0.839165,0.256176,0.808269,0.256176,0.808269,0.432444,0.808269,0.0695896,1.54209e-05,0.00779715,0.378346,0.432444,0.378346,0.256176,1.54209e-05,0.256176]]
}